111111,222222,333333,444444,555555,hypernumbers,dark greys
EEEEEE,DDDDDD,CCCCCC,BBBBBB,AAAAAA,hypernumbers,light greys
6C6E58,3E423A,417378,A4CFBE,F4F7D9,kristi,optimist
1C1D21,31353D,445878,92CDCF,EEEFF7,whoneycutt,quiet cry
FFF8E3,CCCC9F,33332D,9FB4CC,DB4105,mats.holmberg,orange on gray
405952,9C9B7A,FFD393,FF974F,F54F29,koralute,ocean sunset
E7E8D1,D3CEAA,FBF7E4,424242,8E001C,info,red and smooth
595241,B8AE9C,FFFFFF,ACCFCC,8A0917,erin,tech office
F7F2B2,ADCF4F,84815B,4A1A2C,8E3557,matthepworth,bordeaux
B9121B,4C1B1B,F6E497,FCFAE1,BD8D46,donald.agarrat,cherry cheesecake
5A1F00,D1570D,FDE792,477725,A9CC66,whoneycutt,herbs and spice
468966,FFF0A5,FFB03B,B64926,8E2800,matthepworth,firenze
133463,365FB7,799AE0,F4EFDC,BA9B65,whoneycutt,business casual
FFF0A3,B8CC6E,4B6000,E4F8FF,004460,craigmillar101,first impressions
225378,1695A3,ACF0F2,F3FFE2,EB7F00,tajeri68,aspirin c
B8ECD7,083643,B1E001,CEF09D,476C5E,matthepworth,salamander
E8E595,D0A825,40627C,26393D,FFFAE4,klynch,dolores
E6E2AF,A7A37E,EFECCA,046380,002F2F,ps,sandy stone beach ocean
D8CAA8,5C832F,284907,382513,363942,macevamel,japanese garden
B0CC99,677E52,B7CA79,F6E8B1,89725B,matthepworth,pistachio
000000,263248,7E8AA2,FFFFFF,FF9800,nathaniel,1944mustang
13140F,D4FF00,E4FFE6,68776C,00D6DD,gustav,cmon up
6A0DFF,0028FF,0C68E8,0DB2FF,240CE8,hypernumbers,blues
E82C0C,FF530D,FF0000,E80C7A,FF0DFF,hypernumbers,reds
06E862,07FFB2,13FF31,33E806,8EFF07,hypernumbers,greens
E8DA02,DBFF03,FFD80A,E8AC02,FFA403,hypernumbers,yellows
